filename,label
0.mp4,9
1.mp4,9
2.mp4,7
3.mp4,4
4.mp4,2
5.mp4,9
6.mp4,5
7.mp4,1
8.mp4,1
9.mp4,5
10.mp4,9
11.mp4,8
12.mp4,2
13.mp4,7
14.mp4,4
15.mp4,8
16.mp4,9
17.mp4,7
18.mp4,7
19.mp4,4
20.mp4,6
21.mp4,10
22.mp4,7
23.mp4,4
24.mp4,4
25.mp4,4
26.mp4,6
27.mp4,7
28.mp4,11
29.mp4,2
30.mp4,11
31.mp4,7
32.mp4,2
33.mp4,7
34.mp4,3
35.mp4,11
36.mp4,9
37.mp4,10
38.mp4,0
39.mp4,6
40.mp4,11
41.mp4,5
42.mp4,9
43.mp4,0
44.mp4,9
45.mp4,1
46.mp4,5
47.mp4,0
48.mp4,5
49.mp4,7
50.mp4,11
51.mp4,3
52.mp4,0
53.mp4,6
54.mp4,0
55.mp4,10
56.mp4,10
57.mp4,5
58.mp4,0
59.mp4,2
60.mp4,1
61.mp4,5
62.mp4,8
63.mp4,4
64.mp4,5
65.mp4,7
66.mp4,0
67.mp4,3
68.mp4,2
69.mp4,8
70.mp4,10
71.mp4,9
72.mp4,11
73.mp4,7
74.mp4,5
75.mp4,0
76.mp4,1
77.mp4,5
78.mp4,4
79.mp4,3
80.mp4,5
81.mp4,0
82.mp4,11
83.mp4,10
84.mp4,1
85.mp4,8
86.mp4,11
87.mp4,6
88.mp4,1
89.mp4,11
90.mp4,6
91.mp4,2
92.mp4,3
93.mp4,2
94.mp4,11
95.mp4,9
96.mp4,6
97.mp4,8
98.mp4,1
99.mp4,8
100.mp4,11
101.mp4,11
102.mp4,11
103.mp4,4
104.mp4,5
105.mp4,6
106.mp4,0
107.mp4,11
108.mp4,0
109.mp4,10
110.mp4,6
111.mp4,1
112.mp4,10
113.mp4,2
114.mp4,1
115.mp4,11
116.mp4,8
117.mp4,10
118.mp4,9
119.mp4,2
120.mp4,11
121.mp4,11
122.mp4,9
123.mp4,2
124.mp4,6
125.mp4,7
126.mp4,10
127.mp4,6
128.mp4,4
129.mp4,6
130.mp4,6
131.mp4,11
132.mp4,3
133.mp4,3
134.mp4,10
135.mp4,8
136.mp4,1
137.mp4,8
138.mp4,6
139.mp4,10
140.mp4,8
141.mp4,4
142.mp4,6
143.mp4,9
144.mp4,11
145.mp4,9
146.mp4,3
147.mp4,4
148.mp4,9
149.mp4,9
150.mp4,0
151.mp4,1
152.mp4,1
153.mp4,6
154.mp4,8
155.mp4,6
156.mp4,1
157.mp4,7
158.mp4,3
159.mp4,4
160.mp4,3
161.mp4,0
162.mp4,4
163.mp4,0
164.mp4,2
165.mp4,0
166.mp4,3
167.mp4,8
168.mp4,10
169.mp4,3
170.mp4,3
171.mp4,2
172.mp4,4
173.mp4,7
174.mp4,4
175.mp4,3
176.mp4,8
177.mp4,10
178.mp4,1
179.mp4,2
180.mp4,1
181.mp4,9
182.mp4,2
183.mp4,2
184.mp4,10
185.mp4,10
186.mp4,7
187.mp4,10
188.mp4,0
189.mp4,4
190.mp4,6
191.mp4,5
192.mp4,3
193.mp4,4
194.mp4,0
195.mp4,3
196.mp4,9
197.mp4,9
198.mp4,5
199.mp4,0
200.mp4,11
201.mp4,10
202.mp4,7
203.mp4,4
204.mp4,11
205.mp4,7
206.mp4,7
207.mp4,8
208.mp4,6
209.mp4,9
210.mp4,2
211.mp4,4
212.mp4,10
213.mp4,2
214.mp4,8
215.mp4,3
216.mp4,0
217.mp4,8
218.mp4,3
219.mp4,2
220.mp4,7
221.mp4,8
222.mp4,1
223.mp4,10
224.mp4,6
225.mp4,3
226.mp4,8
227.mp4,1
228.mp4,3
229.mp4,10
230.mp4,7
231.mp4,5
232.mp4,8
233.mp4,0
234.mp4,5
235.mp4,5
236.mp4,2
237.mp4,5
238.mp4,3
239.mp4,1
240.mp4,0
241.mp4,5
242.mp4,4
243.mp4,1
244.mp4,5
245.mp4,6
246.mp4,7
247.mp4,8
248.mp4,5
249.mp4,2
250.mp4,9
251.mp4,1
